{
  "dataset": "OpenML credit-g / UCI German Credit",
  "dataset_name": "german",
  "target_definition": "class mapped to default=1 / non-default=0",
  "champion_model": "random_forest",
  "selection_metric": "cv_roc_auc_mean",
  "cv_folds": 5,
  "num_classes": 2,
  "class_names": null,
  "model_comparison": {
    "logistic_regression": {
      "roc_auc": 0.7686904761904761,
      "pr_auc": 0.5671024395969962,
      "ks_statistic": 0.430952380952381,
      "gini": 0.5373809523809523,
      "precision": 0.4444444444444444,
      "recall": 0.8,
      "f1": 0.5714285714285714,
      "threshold": 0.44499999999999995,
      "pr_curve_auc": 0.5603286900545711,
      "confusion_matrix": [
        [
          80,
          60
        ],
        [
          12,
          48
        ]
      ],
      "cv_roc_auc_mean": 0.7335565476190474,
      "cv_roc_auc_std": 0.02216044378488198,
      "cv_pr_auc_mean": 0.5130452358191933,
      "cv_test_mse": 0.20981566826137008,
      "cv_folds": 5,
      "best_params": {
        "classifier__C": 0.5012926322168021,
        "classifier__class_weight": "balanced"
      },
      "numeric_scaled": true
    },
    "ridge_logistic_regression": {
      "roc_auc": 0.7675000000000001,
      "pr_auc": 0.5720865152212623,
      "ks_statistic": 0.42857142857142855,
      "gini": 0.5350000000000001,
      "precision": 0.4375,
      "recall": 0.8166666666666667,
      "f1": 0.5697674418604651,
      "threshold": 0.4049999999999999,
      "pr_curve_auc": 0.5656385890918804,
      "confusion_matrix": [
        [
          77,
          63
        ],
        [
          11,
          49
        ]
      ],
      "cv_roc_auc_mean": 0.7353050595238095,
      "cv_roc_auc_std": 0.0216071864136056,
      "cv_pr_auc_mean": 0.5143623631596881,
      "cv_test_mse": 0.2085128669098949,
      "cv_folds": 5,
      "best_params": {
        "classifier__C": 0.33205789513550127,
        "classifier__class_weight": "balanced"
      },
      "numeric_scaled": true
    },
    "random_forest": {
      "roc_auc": 0.8114285714285714,
      "pr_auc": 0.7106589653502466,
      "ks_statistic": 0.4690476190476191,
      "gini": 0.6228571428571428,
      "precision": 0.5652173913043478,
      "recall": 0.65,
      "f1": 0.6046511627906976,
      "threshold": 0.4149999999999999,
      "pr_curve_auc": 0.7083619111424406,
      "confusion_matrix": [
        [
          110,
          30
        ],
        [
          21,
          39
        ]
      ],
      "cv_roc_auc_mean": 0.7905877976190475,
      "cv_roc_auc_std": 0.04028700095744439,
      "cv_pr_auc_mean": 0.618276160307696,
      "cv_test_mse": 0.16702711265675307,
      "cv_folds": 5,
      "best_params": {
        "classifier__class_weight": "balanced",
        "classifier__max_depth": null,
        "classifier__min_samples_leaf": 2,
        "classifier__n_estimators": 171
      },
      "numeric_scaled": false
    },
    "xgboost": {
      "roc_auc": 0.7999999999999999,
      "pr_auc": 0.6833965582964795,
      "ks_statistic": 0.4571428571428571,
      "gini": 0.5999999999999999,
      "precision": 0.46,
      "recall": 0.7666666666666667,
      "f1": 0.575,
      "threshold": 0.24,
      "pr_curve_auc": 0.6796846704005975,
      "confusion_matrix": [
        [
          86,
          54
        ],
        [
          14,
          46
        ]
      ],
      "cv_roc_auc_mean": 0.7881696428571427,
      "cv_roc_auc_std": 0.03315761207239224,
      "cv_pr_auc_mean": 0.6130914130957275,
      "cv_test_mse": 0.16675331634287127,
      "cv_folds": 5,
      "best_params": {
        "classifier__colsample_bytree": 0.696805592132731,
        "classifier__learning_rate": 0.0483991780504304,
        "classifier__max_depth": 4,
        "classifier__n_estimators": 167,
        "classifier__subsample": 0.7501125833417066
      },
      "numeric_scaled": false
    }
  },
  "validation_artifacts": {
    "roc_curve": "artifacts/reports/random_forest_roc_curve.png",
    "calibration_curve": "artifacts/reports/random_forest_calibration_curve.png",
    "lift_gain": "artifacts/reports/random_forest_lift_gain.csv"
  },
  "explainability_artifacts": {
    "partial_dependence": "artifacts/reports/partial_dependence.png",
    "shap_summary": "artifacts/reports/shap_summary.png"
  },
  "feature_report_artifacts": {
    "markdown": "artifacts/reports/german_feature_report.md",
    "html": "artifacts/reports/german_feature_report.html"
  },
  "feature_engineering_summary": {
    "original_features": [
      "checking_status",
      "duration",
      "credit_history",
      "purpose",
      "credit_amount",
      "savings_status",
      "employment",
      "installment_commitment",
      "personal_status",
      "other_parties",
      "residence_since",
      "property_magnitude",
      "age",
      "other_payment_plans",
      "housing",
      "existing_credits",
      "job",
      "num_dependents",
      "own_telephone",
      "foreign_worker"
    ],
    "derived_features": [
      "credit_amount_per_duration",
      "age_squared",
      "age_band",
      "credit_exposure_score"
    ],
    "dropped_features": [],
    "encoding_summary": {
      "unscaled_numeric": [
        "duration",
        "credit_amount",
        "installment_commitment",
        "residence_since",
        "age",
        "existing_credits",
        "num_dependents",
        "credit_amount_per_duration",
        "age_squared",
        "age_band",
        "credit_exposure_score"
      ],
      "ordinal": [
        "checking_status",
        "savings_status",
        "employment"
      ],
      "one_hot": [
        "credit_history",
        "purpose",
        "personal_status",
        "other_parties",
        "property_magnitude",
        "other_payment_plans",
        "housing",
        "job",
        "own_telephone"
      ],
      "boolean_ordinal": [
        "foreign_worker"
      ],
      "date_derived_then_dropped": []
    }
  },
  "top_features": [
    {
      "feature": "checking_status",
      "importance_mean": 0.12549999999999994,
      "importance_std": 0.033815593016621175
    },
    {
      "feature": "duration",
      "importance_mean": 0.04548809523809523,
      "importance_std": 0.011478616864619061
    },
    {
      "feature": "credit_amount",
      "importance_mean": 0.03976190476190474,
      "importance_std": 0.01798415150112512
    },
    {
      "feature": "credit_history",
      "importance_mean": 0.029702380952380914,
      "importance_std": 0.011536598816154547
    },
    {
      "feature": "purpose",
      "importance_mean": 0.014511904761904759,
      "importance_std": 0.005642266896998188
    },
    {
      "feature": "age",
      "importance_mean": 0.011559523809523797,
      "importance_std": 0.007035391983593523
    },
    {
      "feature": "other_parties",
      "importance_mean": 0.008261904761904748,
      "importance_std": 0.004014994571091647
    },
    {
      "feature": "own_telephone",
      "importance_mean": 0.00667857142857139,
      "importance_std": 0.004554547825601556
    },
    {
      "feature": "other_payment_plans",
      "importance_mean": 0.005488095238095203,
      "importance_std": 0.005809584796713489
    },
    {
      "feature": "savings_status",
      "importance_mean": 0.005214285714285694,
      "importance_std": 0.007531829661502367
    }
  ],
  "n_train": 800,
  "n_test": 200,
  "features": [
    "checking_status",
    "duration",
    "credit_history",
    "purpose",
    "credit_amount",
    "savings_status",
    "employment",
    "installment_commitment",
    "personal_status",
    "other_parties",
    "residence_since",
    "property_magnitude",
    "age",
    "other_payment_plans",
    "housing",
    "existing_credits",
    "job",
    "num_dependents",
    "own_telephone",
    "foreign_worker"
  ]
}