{
  "dataset": "OpenML credit-g / UCI German Credit",
  "target_definition": "bad credit risk mapped to default=1; good mapped to default=0",
  "champion_model": "random_forest",
  "model_comparison": {
    "logistic_regression": {
      "roc_auc": 0.746547619047619,
      "pr_auc": 0.5337667140212489,
      "ks_statistic": 0.40952380952380957,
      "gini": 0.49309523809523803,
      "precision": 0.4791666666666667,
      "recall": 0.7666666666666667,
      "f1": 0.5897435897435898,
      "threshold": 0.4799999999999999,
      "pr_curve_auc": 0.5282148654383956,
      "confusion_matrix": [
        [
          90,
          50
        ],
        [
          14,
          46
        ]
      ],
      "cv_roc_auc_mean": 0.7395089285714287,
      "cv_roc_auc_std": 0.030774397776338617,
      "cv_pr_auc_mean": 0.5237062053989872,
      "best_params": {
        "classifier__C": 0.5146688973455957,
        "classifier__class_weight": "balanced"
      }
    },
    "ridge_logistic_regression": {
      "roc_auc": 0.7485714285714284,
      "pr_auc": 0.5357325842052839,
      "ks_statistic": 0.42380952380952386,
      "gini": 0.4971428571428569,
      "precision": 0.4842105263157895,
      "recall": 0.7666666666666667,
      "f1": 0.5935483870967742,
      "threshold": 0.48499999999999993,
      "pr_curve_auc": 0.5301959151538347,
      "confusion_matrix": [
        [
          91,
          49
        ],
        [
          14,
          46
        ]
      ],
      "cv_roc_auc_mean": 0.7410714285714286,
      "cv_roc_auc_std": 0.0284066428547381,
      "cv_pr_auc_mean": 0.5240873939011964,
      "best_params": {
        "classifier__C": 0.33205789513550127,
        "classifier__class_weight": "balanced"
      }
    },
    "random_forest": {
      "roc_auc": 0.8130952380952381,
      "pr_auc": 0.6949636292788329,
      "ks_statistic": 0.5166666666666667,
      "gini": 0.6261904761904762,
      "precision": 0.7115384615384616,
      "recall": 0.6166666666666667,
      "f1": 0.6607142857142857,
      "threshold": 0.4649999999999999,
      "pr_curve_auc": 0.6917890880144384,
      "confusion_matrix": [
        [
          125,
          15
        ],
        [
          23,
          37
        ]
      ],
      "cv_roc_auc_mean": 0.7883184523809523,
      "cv_roc_auc_std": 0.032048938931065155,
      "cv_pr_auc_mean": 0.6110938934725395,
      "best_params": {
        "classifier__class_weight": "balanced",
        "classifier__max_depth": null,
        "classifier__min_samples_leaf": 2,
        "classifier__n_estimators": 171
      }
    },
    "xgboost": {
      "roc_auc": 0.8022619047619047,
      "pr_auc": 0.6743611780733043,
      "ks_statistic": 0.5166666666666666,
      "gini": 0.6045238095238095,
      "precision": 0.6557377049180327,
      "recall": 0.6666666666666666,
      "f1": 0.6611570247933884,
      "threshold": 0.41999999999999993,
      "pr_curve_auc": 0.6696136642961383,
      "confusion_matrix": [
        [
          119,
          21
        ],
        [
          20,
          40
        ]
      ],
      "cv_roc_auc_mean": 0.796577380952381,
      "cv_roc_auc_std": 0.03185544972845636,
      "cv_pr_auc_mean": 0.6170905896366282,
      "best_params": {
        "classifier__colsample_bytree": 0.696805592132731,
        "classifier__learning_rate": 0.0483991780504304,
        "classifier__max_depth": 4,
        "classifier__n_estimators": 167,
        "classifier__subsample": 0.7501125833417066
      }
    }
  },
  "validation_artifacts": {
    "roc_curve": "artifacts/reports/random_forest_roc_curve.png",
    "calibration_curve": "artifacts/reports/random_forest_calibration_curve.png",
    "lift_gain": "artifacts/reports/random_forest_lift_gain.csv"
  },
  "explainability_artifacts": {
    "partial_dependence": "artifacts/reports/partial_dependence.png",
    "shap_summary": "artifacts/reports/shap_summary.png"
  },
  "top_features": [
    {
      "feature": "checking_status",
      "importance_mean": 0.09973809523809524,
      "importance_std": 0.027793466091324662
    },
    {
      "feature": "duration",
      "importance_mean": 0.0673095238095238,
      "importance_std": 0.012981235367072281
    },
    {
      "feature": "credit_amount",
      "importance_mean": 0.0379761904761905,
      "importance_std": 0.015361202859411201
    },
    {
      "feature": "credit_history",
      "importance_mean": 0.027988095238095256,
      "importance_std": 0.009839622397950052
    },
    {
      "feature": "purpose",
      "importance_mean": 0.023238095238095204,
      "importance_std": 0.007473270585401707
    },
    {
      "feature": "age",
      "importance_mean": 0.017249999999999998,
      "importance_std": 0.007994373375626983
    },
    {
      "feature": "own_telephone",
      "importance_mean": 0.009535714285714281,
      "importance_std": 0.003464040246580858
    },
    {
      "feature": "installment_commitment",
      "importance_mean": 0.008011904761904743,
      "importance_std": 0.006063966002004743
    },
    {
      "feature": "other_payment_plans",
      "importance_mean": 0.007476190476190481,
      "importance_std": 0.004857317924015875
    },
    {
      "feature": "other_parties",
      "importance_mean": 0.0071428571428571504,
      "importance_std": 0.0036499308849418793
    }
  ],
  "n_train": 800,
  "n_test": 200,
  "features": [
    "checking_status",
    "duration",
    "credit_history",
    "purpose",
    "credit_amount",
    "savings_status",
    "employment",
    "installment_commitment",
    "personal_status",
    "other_parties",
    "residence_since",
    "property_magnitude",
    "age",
    "other_payment_plans",
    "housing",
    "existing_credits",
    "job",
    "num_dependents",
    "own_telephone",
    "foreign_worker"
  ]
}